TDSFU Daily run: Mon Oct 27 13:45:39 UTC 2025 TDSFU
TDSFU Daily run: Tue Oct 28 04:46:07 UTC 2025 TDSFU
TDSFU Daily run: Wed Oct 29 04:50:05 UTC 2025 TDSFU
TDSFU Daily run: Thu Oct 30 04:45:14 UTC 2025 TDSFU
TDSFU Daily run: Fri Oct 31 04:58:12 UTC 2025 TDSFU
TDSFU Daily run: Sat Nov  1 04:41:15 UTC 2025 TDSFU
TDSFU Daily run: Sun Nov  2 04:44:31 UTC 2025 TDSFU
TDSFU Daily run: Mon Nov  3 04:51:37 UTC 2025 TDSFU
TDSFU Daily run: Tue Nov  4 04:45:33 UTC 2025 TDSFU
TDSFU Daily run: Wed Nov  5 04:46:25 UTC 2025 TDSFU
TDSFU Daily run: Thu Nov  6 04:41:04 UTC 2025 TDSFU
